id,tfidf_a_physically-disabled_person_a_human,char_a_physically-disabled_person_a_human,tfidf_a_physically-disabled_person_a_woman,char_a_physically-disabled_person_a_woman,tfidf_a_physically-disabled_person_an_African_person,char_a_physically-disabled_person_an_African_person,tfidf_a_physically-disabled_person_an_able-bodied_person,char_a_physically-disabled_person_an_able-bodied_person,tfidf_a_human_a_woman,char_a_human_a_woman,tfidf_a_human_an_African_person,char_a_human_an_African_person,tfidf_a_human_an_able-bodied_person,char_a_human_an_able-bodied_person,tfidf_a_woman_an_African_person,char_a_woman_an_African_person,tfidf_a_woman_an_able-bodied_person,char_a_woman_an_able-bodied_person,tfidf_an_African_person_an_able-bodied_person,char_an_African_person_an_able-bodied_person
0,0.9642176469849725,0.06407192443382269,0.9409725830579543,0.03339011925042589,0.9546068112066971,0.05426134737565108,0.9623090615308376,0.06560918756040707,0.972449715746777,0.1085403882909164,0.9711987755043073,0.08641037329686471,0.9838382851735044,0.17984995720255778,0.9642408316175448,0.1327670761919207,0.9736673582274845,0.07156857817761472,0.9645980632397211,0.10081992104464015
1,0.8410123984557267,0.042846497764530554,0.9329765455115108,0.08225601178913523,0.8168806130123343,0.04903741373047584,0.941878693980837,0.09828685757158935,0.8903394100878654,0.0527236673276566,0.84455537353878,0.22164948453608246,0.8535642093359386,0.0500103755965968,0.8289574395923106,0.050853203751836364,0.9424688435081182,0.14416889595835441,0.8407072243639606,0.045188622150494254
2,0.8869170190905377,0.16219475429605065,0.9199555225953154,0.16517749335909201,0.8751098855639217,0.2399600897979546,0.920463032547618,0.23157894736842105,0.8964306668258272,0.18780788177339902,0.8881416301867228,0.18356867779204109,0.8645729785927831,0.21417706114998478,0.9104996791581379,0.28578680203045687,0.9458529815895376,0.44855266358550233,0.890984406567131,0.23473234481025385
3,0.8597240038489231,0.36679725759059745,0.8559908520229282,0.29919499105545616,0.8980636203619053,0.4614070065508402,0.9331937112811982,0.5306704707560628,0.8977834008402875,0.2603147596767333,0.8295675495127488,0.2753274525527934,0.8496201846923406,0.30950468540829984,0.8339135316511401,0.221361104383628,0.8476812375070946,0.25612418142129517,0.905906716792336,0.4351676154332701
4,0.8813374860190106,0.09192307692307693,0.8824792870159631,0.1382219338092148,0.835875529770114,0.199491381746256,0.9035881698968997,0.27210526315789474,0.9207668053898206,0.10416121434179534,0.9138462231825337,0.06657364959138928,0.9192266839625984,0.14513073133762788,0.8561414148260958,0.08861394415649557,0.9003618784772184,0.1400192246074976,0.8865527672556285,0.2521426596627039
5,0.9349101162377009,0.22383465259454705,0.8820138597520805,0.11673528699442964,0.8811734980436369,0.12216404886561955,0.9016365803671322,0.10813287514318443,0.9318652155641994,0.10387902695595003,0.9189996156139958,0.1358830146231721,0.9270891078114228,0.13044384246718066,0.9135406275648777,0.4217585692995529,0.9270016184801306,0.24703196347031964,0.9170255160555733,0.17644298451431253
6,0.8639511365584999,0.2539109506618532,0.864382132706254,0.06639313688922044,0.8419942477962958,0.17759562841530055,0.9064439642279547,0.40200375704445834,0.8531494012257375,0.14603174603174604,0.8172195181590997,0.14406229720960415,0.8619709386733417,0.34169653524492233,0.8322832004472377,0.056580565805658053,0.8538448858448212,0.07689463955637708,0.8628069070857357,0.24119241192411925
7,0.9338352812384946,0.3698756333486872,0.964484710791029,0.556420233463035,0.962087738878189,0.36511375947995667,0.9350938658364338,0.37166138524219106,0.944595052821416,0.27954022988505745,0.9245115104009387,0.22538958570885595,0.9559417488241063,0.27571221632061804,0.9580544476546294,0.24125495852866932,0.9514368147256083,0.31812019882512427,0.9307632264174925,0.26376920194829523
8,0.8509376053382716,0.40974639482844355,0.8808428007573977,0.1661552985603021,0.8233634165167012,0.09335810496980956,0.871896827392557,0.41730994152046785,0.8166869267472623,0.1462180622312168,0.7361706755821095,0.0939830929885629,0.8610316283180677,0.4029065397143573,0.7919695422666451,0.07741326410195894,0.877734551356214,0.19781264859724204,0.8169914955015387,0.06970760233918129
9,0.9285016464499452,0.29703852148741927,0.8861090142919851,0.19704641350210972,0.8864896596900249,0.08599567619505165,0.906058733096541,0.12497240008831972,0.8736217242426568,0.24407850214301827,0.8896053422684238,0.09387966804979253,0.8940626555993855,0.09047844623401231,0.8288084199658965,0.12764920828258222,0.86352413332438,0.08365019011406843,0.8906697051054113,0.22342064714946072
10,0.934946876370141,0.1493519055910234,0.9344221656692517,0.27448453608247425,0.9337619055843096,0.2199511219728949,0.8739181059867634,0.17652495378927913,0.9529637915598704,0.17100646352723914,0.9380086078057995,0.20228136882129277,0.8916151870548267,0.07352073913898172,0.9416625801870868,0.20518222034969455,0.8738415563711502,0.19588981198076083,0.863802312138786,0.1769631138266576
11,0.9738594664791534,0.13406151192871515,0.9286425388519035,0.09069111424541608,0.9355306603384975,0.11308881697231211,0.9706596724723692,0.1988036593947924,0.9327783321658853,0.1102115107010607,0.9232638941918474,0.12642696280189486,0.9653385166820423,0.12103164052113799,0.9261754074920238,0.22231422065824882,0.9178512021005371,0.15779345734445158,0.9098274961267432,0.11935535343864688
12,0.8706361326232376,0.30765319094838545,0.8465704871465991,0.170261066969353,0.8991504413871901,0.25647114699596296,0.8744135224707243,0.2291886195995785,0.8581487989787605,0.16154910096818811,0.8922630635239764,0.201301720130172,0.8712919095951595,0.1980962181631078,0.883267582161396,0.20395581813511432,0.8886594480641714,0.11500862564692352,0.9270717160469939,0.23721488595438175
13,0.8581309724016736,0.4310553983016579,0.9577002261592032,0.38318818629307083,0.9079340136033233,0.4046288906624102,0.9052127542957235,0.5536938309215537,0.8391958082596286,0.05795918367346939,0.9018072992895163,0.5200863930885529,0.8702973415332915,0.11745379876796715,0.8954476548285015,0.20861860652436567,0.9111236797622257,0.2620053784095275,0.8865880817829126,0.08022690437601297
14,0.949971989216677,0.12071174377224199,0.9385418202331562,0.09482389847426209,0.9369538358316762,0.10646823125357756,0.9342491110806111,0.13621480026195154,0.943126305900314,0.05986261040235525,0.9637177660279542,0.10266783293242948,0.9347878048451232,0.11229857688687081,0.9704441378179032,0.09207357127216992,0.9458463094149,0.11943443304685335,0.9354776727583894,0.10909090909090909
15,0.9418383591531237,0.10455840455840455,0.9462552294799403,0.05052696838189709,0.9464223569658192,0.14802896218825423,0.9486771318555441,0.1314888371455965,0.9653036718726768,0.23731728288907997,0.9541973625152196,0.17178460169114373,0.9593715209832753,0.2399386738213875,0.9556165900334302,0.08067390247853556,0.9550317860975768,0.12315745970519355,0.9622508454100993,0.2215892908003418
16,0.8868780933862543,0.3463364293085655,0.8986934050842532,0.11690140845070422,0.889791304585244,0.29075425790754256,0.9030337003075442,0.13212221304706853,0.8349210969303421,0.3349195558576932,0.851083454759317,0.35034106412005456,0.8608726004691954,0.1746031746031746,0.884591363861621,0.35733333333333334,0.9129650603040158,0.2774319758136226,0.8861712689235037,0.15384615384615385
17,0.9678629234434022,0.0317426949758251,0.9072331390411981,0.04716285924834193,0.8819580229315758,0.04740778298897198,0.8378245567149818,0.03694899137404062,0.9376834450928287,0.06331947553565719,0.8328730595395334,0.07759619096641358,0.7608230475811153,0.06750880099399462,0.7776205836819989,0.07568334192882929,0.6619293240374364,0.06557377049180328,0.7615473668404165,0.0866779389516775
18,0.8437930850133,0.23513421678559293,0.8844147437580204,0.3608679101636848,0.8254454308609444,0.3596195151887082,0.8765058416287935,0.26833631484794274,0.8219317668789641,0.13178294573643412,0.8538257544181838,0.23766094420600858,0.8527966378892212,0.17585784313725492,0.8525620945807252,0.5216881594372802,0.9028257421503786,0.2876526458616011,0.8743050738987509,0.15865921787709497
19,0.8816668598430342,0.28775802166360104,0.8881609751791976,0.21074639347689733,0.9048503004328045,0.17722488038277512,0.8635795374711219,0.09881584320130665,0.9162945729791282,0.27611650485436895,0.8975412844460726,0.1913447782546495,0.9055782777619809,0.14814814814814814,0.9043650139205253,0.1357168916453849,0.8754265709596972,0.15324927255092144,0.873696358540694,0.08718956583884224
20,0.9050361917015215,0.23361034164358263,0.8991984048843038,0.16604127579737335,0.9038242791270537,0.20903954802259886,0.9031414702550085,0.0801610541727672,0.9278382437277777,0.15320910973084886,0.9350907183060848,0.1661113755354593,0.9308155975294428,0.14928909952606634,0.95423858524829,0.4528301886792453,0.937011222965466,0.44915932746196957,0.9389810353492896,0.5028121484814398
21,0.9168446022559693,0.3746514575411914,0.8939308838483604,0.030362665167275794,0.9501513258175067,0.5957021489255372,0.9062298691021812,0.0782312925170068,0.935346980939559,0.4900193174500966,0.9033410118241306,0.3052661222190932,0.8878239042838575,0.24114397140071497,0.8796438187791595,0.18084097375908947,0.8913090939212848,0.2863518036444775,0.9285308028497615,0.08806636885768986
22,0.8962323160929563,0.18069250171978904,0.9170986687761067,0.2961608775137112,0.9224658633570548,0.3310810810810811,0.9309312163475549,0.34186979327368094,0.858648614235912,0.33979829325058186,0.8698666835955093,0.2884665451705285,0.8979744153197496,0.30789336121275485,0.961213591262775,0.7168718320057929,0.947374804645977,0.7375318529304696,0.9485274435693989,0.6982726938625505
23,0.9286433983725375,0.1739795918367347,0.9086831528180473,0.20598544081962794,0.9281757947306298,0.2242587601078167,0.9499891842080166,0.2948125321006677,0.9363400591299538,0.1766950396243029,0.9435678914796373,0.20598591549295775,0.9379194279634465,0.1403118040089087,0.9291230033877886,0.3234282139505787,0.9343873611070189,0.30819284235433303,0.9496941569147188,0.38497930218805443
24,0.8940477316603801,0.44021584777051975,0.8747235788957035,0.2838709677419355,0.875152563118793,0.4062398440038999,0.8892333529269069,0.36459709379128136,0.8806030355461738,0.25969341749323716,0.8453240081109589,0.2857142857142857,0.8653883895643504,0.19477726574500767,0.922737403724928,0.4821366631980576,0.9288374656948988,0.4784756527875794,0.9242443399376273,0.4745642120241907
25,0.8289253391942151,0.23279875840662184,0.8199413278288519,0.25250147145379637,0.9126422419605236,0.3658823529411765,0.8673772027713132,0.2972508591065292,0.8783707905748573,0.2973593570608496,0.8648079269406235,0.16523235800344235,0.849801594547064,0.20570150922302963,0.8233244490032713,0.170311464546057,0.8719180205509631,0.24951768488745982,0.875607579866192,0.19344473007712082
26,0.9636817711005397,0.13986856516976998,0.9507855054197213,0.09637237762237762,0.9535056188778077,0.12476537484818373,0.9631504252869455,0.03601589667163438,0.9704766555526246,0.10030165912518854,0.9604646837042106,0.09937955807118755,0.9635322691479679,0.03495477878269372,0.95520435667114,0.10359430991421435,0.9656052176736716,0.10251097025841054,0.9630183403213978,0.16105561721543962
27,0.9260852461883968,0.5112279025322504,0.9158985615289591,0.4785603199289047,0.9136838384751276,0.4156358238495794,0.9116575474369335,0.2723475355054302,0.9430985120349521,0.3932380760716442,0.9400403894801438,0.33791574279379155,0.920522732666923,0.21423135464231355,0.9481415648007366,0.5073575129533678,0.9414570892831805,0.2692514808831449,0.9332201945562314,0.2515649452269171
28,0.9231598112618288,0.1757412398921833,0.9125168434237215,0.10601336302895323,0.9240887750603831,0.18467852257181944,0.9305560204135724,0.0598404255319149,0.920043103223032,0.15977361776229865,0.9207083487044493,0.10734966592427617,0.9122956586536718,0.06759098786828423,0.9557893155401632,0.3001897533206831,0.9307708759929209,0.08413639733135655,0.9288425176441176,0.06084656084656084
29,0.874697044993467,0.20332813312532502,0.9180169500544957,0.24132637396377035,0.843195611767409,0.27591836734693875,0.8833379663246468,0.436173001310616,0.8611175073196864,0.11867364746945899,0.8544881048626782,0.24475050801535336,0.8988146946826896,0.26439045743051,0.8582987783346357,0.16614583333333333,0.906497934170485,0.3100502512562814,0.8727563359176308,0.284674852205548
30,0.9688570101171812,0.10090574582507784,0.9667636586708133,0.13588475596645883,0.9589982768991472,0.15316901408450703,0.9721471636096717,0.15866094662071875,0.9526178777383427,0.18118577075098813,0.9818612228737201,0.15818610129564192,0.9786497378180727,0.0884613195195537,0.949769628444994,0.23621399176954733,0.9541052210436715,0.09876737065242992,0.9812804218841773,0.19581648795921955
31,0.9425242894895517,0.2155688622754491,0.9419427215387678,0.3074675917473069,0.9338244070819711,0.3539237863232991,0.9458347726070453,0.41067243555074817,0.9431985364040821,0.3275862068965517,0.9376874184586493,0.07725898555592879,0.9589148471600167,0.16614529023288147,0.9467128759919139,0.2891891891891892,0.9486845847047306,0.3328671328671329,0.9629347893873581,0.3876460767946578
32,0.912549279728238,0.07399141630901288,0.8831379390602454,0.17220956719817768,0.951418698545984,0.07316304005045728,0.9593973657752812,0.3419459619075742,0.8828021012089422,0.04987825573673725,0.9468687121181989,0.035912847483095416,0.9331144805601493,0.046284840986827745,0.8848378855753743,0.05288053365676167,0.8889831948134319,0.10050714615029968,0.9742143123022268,0.1833274042452271
33,0.8946692468066059,0.49870801033591733,0.8948599572073597,0.4104675095560129,0.8709318787300999,0.15393759286775632,0.8890670939647207,0.48659440958357103,0.9005994434087573,0.3279190928593319,0.8763404804584863,0.19956616052060738,0.8656556891340277,0.5053444180522565,0.9164304553093727,0.1421291053227633,0.9110610586793019,0.314184590253199,0.8890854245670234,0.17706901292273852
34,0.9415451264919837,0.07403751233958539,0.8842345776449163,0.07632954451173982,0.9248504712434927,0.03722477427530493,0.9064564548350512,0.05308490068553349,0.9358372221509514,0.09491696872629184,0.957857843194736,0.056127372145384366,0.9398213362927565,0.05863425098319628,0.9329484201268152,0.0880954690986708,0.9666760227897615,0.10067336350590574,0.9310918465354131,0.08990863787375415
35,0.9769195285070991,0.08114020550215446,0.975618657080175,0.08841027185782062,0.9818600374845696,0.02468687602105645,0.964155197011785,0.05149194613150251,0.9700155629811893,0.05663239507837519,0.9669954380391428,0.050416832076220726,0.9584495511252309,0.055187477247906805,0.9665328479170353,0.02870453862338443,0.967508826554928,0.044094224159611034,0.967747563007029,0.059432035316597485
36,0.9685746020810805,0.6070287539936102,0.9699271820759813,0.5063534847901425,0.9720950971855318,0.4236214605067064,0.9821767146893008,0.6752,0.9657547182274029,0.5282940933498554,0.9727639802652016,0.36881977671451355,0.9628998919128637,0.5727194492254734,0.9616593962340623,0.45098039215686275,0.9657906277283336,0.6152254861398427,0.9685178858056279,0.43370607028753994
37,0.9477064537092497,0.23030757689422354,0.9607990094944626,0.2948763883912576,0.958072333446032,0.08619787122666202,0.9516226484313935,0.42627229230100044,0.9476322894446803,0.20523364485981307,0.9603727548672788,0.2033096926713948,0.9539916847500588,0.2395785616124599,0.9694073026953264,0.3652809184205949,0.9431172834641115,0.255632582322357,0.9557837135429434,0.2614900314795383
38,0.7931842678236053,0.07200460829493087,0.8211074491731345,0.12805208898534998,0.8389291936092639,0.3210663575775138,0.7730152372622485,0.12687052700065063,0.8816734352864318,0.20246659815005139,0.8796833125983035,0.10062893081761007,0.8954910964684243,0.17926829268292682,0.8907154067622252,0.1301989150090416,0.8723819530030504,0.1648540354894104,0.8883458013116,0.21417612764651733
39,0.8645691495818416,0.36252623545124973,0.8276172744115274,0.15091834476654126,0.867496510418682,0.40223695111847557,0.8413595879766493,0.29929789368104315,0.8425053961593543,0.14285714285714285,0.8537745209987616,0.35160975609756095,0.863795969821353,0.2642938280954184,0.8343446021259848,0.22575516693163752,0.8243111873763932,0.25263157894736843,0.8511182987979059,0.28999794619018276
40,0.9383584764569923,0.10156585815167332,0.9728328135722843,0.09234330267405738,0.9798556633983129,0.10756240822320118,0.9726954580282114,0.12448132780082988,0.8970111670039309,0.07001095823694144,0.9667960867579036,0.08120834097719073,0.9642156045625774,0.12343721412453497,0.9605587761276236,0.09014255383682135,0.9468545666826401,0.07792364934357796,0.9795052455344654,0.10196888672824501
41,0.9350883622602171,0.34427425237053244,0.9103511137158006,0.34179050380572673,0.9320980915263458,0.12609926963779997,0.8892198054741286,0.06658130601792574,0.9113493887584183,0.2948520608859244,0.9353814994750655,0.09605001420858199,0.9141284318110697,0.05899346206477117,0.921509657534653,0.1255920014032626,0.8683252622895475,0.0732824427480916,0.8945253794987599,0.10511584512517494
42,0.9196881535858088,0.10281781028178102,0.929419538974463,0.11331312660293774,0.9266411733217038,0.15514741420976316,0.919564062053713,0.11825413889486132,0.9700502113628918,0.3372759856630824,0.9643479339422073,0.34334131515932953,0.9652581370354795,0.32817233254796363,0.9710251060419871,0.4474255277174985,0.9693925061312998,0.3865997850232891,0.9792915427500352,0.5925243969802982
43,0.9400846704397998,0.3404840484048405,0.9540728520772993,0.43683781581092096,0.8829888228739879,0.3081815553628216,0.9370069135285399,0.25390718922817984,0.9306651120550457,0.4290809327846365,0.8777487218972885,0.42068361086765993,0.9181609761833329,0.32743148193063304,0.896310999475756,0.31718569780853517,0.9345872600598588,0.22168905950095968,0.8951462720401702,0.29802331474911303
44,0.9101590628238697,0.2139199696567419,0.8728307735561174,0.16983635559486954,0.9172825098671231,0.438728565453785,0.9192046526467073,0.5426149040606872,0.869309036160112,0.05017057997190447,0.8674897943042092,0.30516879649055884,0.8563585967501735,0.2605705037426664,0.8810997968694139,0.30008904719501334,0.8327844497580567,0.24379770992366412,0.8934671969474767,0.5004492362982929
45,0.9197094788777602,0.34564359985657944,0.9364556425214865,0.3628518594616807,0.9492048557731385,0.3578705696656622,0.9522274648639661,0.5174799708667153,0.9428438056185051,0.38364658012013175,0.9503402989740887,0.31254302629767317,0.9643893109345869,0.38990667127549256,0.9516648739440091,0.26404151404151405,0.950473199571437,0.3720197044334975,0.9706149895559132,0.4015605406158562
46,0.9456051441877565,0.19883040935672514,0.9475239952494274,0.19470446643487563,0.9198864452122543,0.25661914460285135,0.8863455795049375,0.20025257081003067,0.9414199278893445,0.10945635064777819,0.9247031134463126,0.23785594639865998,0.8634841498344924,0.10436432637571158,0.9369897417511277,0.27119619979847415,0.8969638992946453,0.14016702145079418,0.875573286445695,0.11811652035115722
47,0.9488372960295696,0.1415634817963408,0.9063084113046013,0.10281329923273658,0.9496377599031761,0.18256065337496996,0.9455569194786637,0.04940573292938709,0.9255221181995807,0.1065487471046536,0.9511944207669917,0.149140343862455,0.9453380913556193,0.11033138401559454,0.9216960345892939,0.3393316195372751,0.9337985616717425,0.237531000275558,0.9325614023952666,0.13652756311179803
48,0.9521760792147875,0.09284578696343403,0.9399812003282815,0.12337421033073206,0.9304361770121147,0.20935412026726058,0.9273414400478281,0.1260932944606414,0.9483472762504128,0.24455483377913642,0.9379267693255933,0.19335559852346634,0.9431552540747551,0.20262172284644195,0.9286373166637414,0.25726835390085756,0.9366312607892645,0.2184115523465704,0.9116834335464807,0.15183138940045018
49,0.9318101964019571,0.5497010463378177,0.878953245981645,0.22280130293159608,0.9116402429978819,0.360668185269552,0.8684337690338589,0.267223382045929,0.8363705891484366,0.18268237239098986,0.9148862162807666,0.2268266085059978,0.8834696313022544,0.26676358349990914,0.8469167743894468,0.21324921135646688,0.848204127269588,0.16862910008410428,0.9007724813039375,0.2303007935043366
50,0.8265978193832376,0.1509765196401141,0.8348869026468891,0.15868673050615595,0.8889606580417442,0.3416970802919708,0.9015404734825256,0.22549019607843138,0.861840148730098,0.08976215098241985,0.8560145150006766,0.15559693771984276,0.8693659129443205,0.1276016339233612,0.8468810416583217,0.21106821106821108,0.8351544069175374,0.19839034205231387,0.9112480403723411,0.2000805152979066
51,0.883443308125562,0.3190704537071191,0.8737996493012258,0.15783540022547915,0.894254361213548,0.4484515876127009,0.9105377680804067,0.43798368542145993,0.8858520114435746,0.1557537524472482,0.8882728117808134,0.310790273556231,0.8795363342058009,0.34756220918470565,0.9064291951183822,0.3352817395370587,0.9190356631571837,0.44742163801820023,0.9275923430351605,0.49015790612156607
52,0.9605297733618876,0.10083504017646132,0.966519895239759,0.3168970497214772,0.9609933446403944,0.28992215442878183,0.9667000227725597,0.22106280193236716,0.9716681936719007,0.18348930481283424,0.9696427319743698,0.16876061120543293,0.9702385372570821,0.12642585551330798,0.9817014850684793,0.4113895216400911,0.9679302806853256,0.17871986699916875,0.9605362311642053,0.18736752861381942
53,0.9724574593224423,0.13975360974963572,0.9652904815144717,0.1282908142472899,0.9187699615547549,0.1033402226815121,0.9730651869703774,0.14361420243773185,0.9518316378643387,0.11925640126271483,0.9504470356186556,0.11763320576979688,0.9805529254653336,0.15314365999297505,0.9319020406341114,0.12786097767730997,0.9522587728337265,0.17020978039710938,0.9234627961307905,0.1005711593946888
54,0.9372654460466354,0.0869044768972947,0.9361587530557094,0.3802741198602526,0.8882380751589776,0.15448057097541634,0.9063346478965355,0.09285028790786948,0.9382369106600834,0.23786407766990292,0.8879466306443718,0.20019709981697875,0.9159762412106912,0.12612218086271076,0.8780268530160465,0.16572443870134065,0.9240323527348495,0.09413767939674045,0.8762345264513576,0.16570218772053635
55,0.9561892156232967,0.10979228486646884,0.9692746610189785,0.048503611971104234,0.962383342592714,0.12259271486739298,0.9614531422005501,0.1066163462672485,0.939964329736266,0.06331574562621493,0.9428421261919365,0.17608728595241704,0.9544266841944926,0.1445501585711901,0.9581111410009744,0.030727960004877455,0.9469142792705936,0.04872909258527591,0.9529817719969311,0.2088698140200286
56,0.9426284859045506,0.09247361174850849,0.9523262804694163,0.06823906572017403,0.9766032129634978,0.09139188794864313,0.9585449820848339,0.04510752374847019,0.9675623038455139,0.13956105796285875,0.9435666074882542,0.12903595802030166,0.9211724819609268,0.09449630605349063,0.9548285910121288,0.08722028272191382,0.9395133552434758,0.09818826084471624,0.9647467717006805,0.03379165695642041
57,0.9190745155081228,0.2998093422306959,0.9247662534960518,0.38789473684210524,0.8940167257373207,0.16038451808752846,0.9403976607967509,0.37960900767136846,0.9235070953191453,0.4346013548723293,0.8885424447655257,0.154347281383112,0.9291286041280712,0.4942387840156901,0.9018075647574789,0.04951321279554938,0.9348097135099289,0.08851479771925061,0.8982425092036735,0.162148070907195
58,0.9518672684581667,0.10182767624020887,0.9130423626441188,0.09018741304525739,0.9355942863790478,0.11940048564012393,0.927402670793283,0.16398087480077916,0.902129629713309,0.07417609444171176,0.9493298284550792,0.1826271614925675,0.923500918720018,0.15194805194805194,0.9216840546950349,0.0881039382866423,0.9341000618512569,0.12495925241768989,0.9439213522910465,0.24353086143161196
59,0.8487883178786774,0.32914572864321606,0.8423605870074073,0.3485838779956427,0.7983936382436027,0.15926493108728942,0.8427613346906265,0.37518551498961117,0.9292544527995724,0.740625968391695,0.824762498482847,0.4739249771271729,0.8783873668386765,0.5521726278451079,0.8189309447287961,0.4316807738814994,0.8915237718561587,0.6770222743259086,0.8510400569600921,0.5329099307159353
60,0.8638533067625442,0.2590344030066493,0.8886362334113386,0.2893718368562072,0.8619440010223052,0.11387657688373679,0.8940080532402923,0.2617862371888726,0.8458377602767192,0.2371377882909521,0.8093545163061524,0.08119079837618404,0.8839415649924339,0.1908086096567772,0.8605630189561025,0.21708683473389356,0.8958422184005714,0.5398442180946674,0.8748082875434096,0.25961538461538464
61,0.9156224281833659,0.503655564581641,0.829763743088605,0.411829134720701,0.8983804323300079,0.39057544177616677,0.8709362810809995,0.21775251421075645,0.8747192371062696,0.28770823953174246,0.9355527310339806,0.3601076095311299,0.9102331588549725,0.1849366144668158,0.8631634227671479,0.335707019328586,0.8836744399905959,0.22727272727272727,0.8839040996860662,0.38483724763081995
62,0.8612679265171304,0.33056325023084027,0.8361436062848653,0.34503510531594783,0.8324084998392844,0.1310755722797115,0.8958948146200829,0.46919575113808804,0.876175839142899,0.5311857436600411,0.8782357888843298,0.2496790757381258,0.8644101999547986,0.3854748603351955,0.9044160543519985,0.2456263121063681,0.848657046287537,0.3515519568151147,0.8256712039601241,0.22011385199240988
63,0.9785536184938144,0.1353087714697784,0.9516871371294309,0.08775008775008775,0.9688823886500795,0.16646771568095498,0.9740676515218275,0.15745918139118764,0.9689750064232797,0.07251699617097758,0.9780885336154836,0.16258477769404672,0.9799123739007793,0.08972251764478391,0.9530730949776958,0.09607229753215155,0.9691858915647215,0.08262471655328799,0.9823820091253344,0.18841672952812002
64,0.953278702191542,0.07337621161337078,0.9442969412973776,0.04555023923444976,0.934059412530166,0.06462806332682715,0.9418291047559908,0.024424834541443428,0.944289565511433,0.09036669571629684,0.9535531319744188,0.09657389144568632,0.9611591998705203,0.07727723060784428,0.9611417143914389,0.0682442748091603,0.9530231740510203,0.0074834037417018705,0.9401307836734901,0.06009646721418329
65,0.9686503858773837,0.1043336503192501,0.9006294608829273,0.16662883087400682,0.9253859736246917,0.043217665615141954,0.95750682768456,0.13840768333183737,0.9222502782524691,0.10568399096123761,0.9421173201983056,0.07644137335348737,0.9635500521090797,0.14800678541136555,0.8870441472852209,0.02670481640438722,0.9698310463706061,0.13070783723668716,0.9317269102669545,0.0967780287718464
66,0.9849604820795528,0.12234478986233932,0.9815457803038798,0.12446310966879832,0.9892784508644409,0.16249197174052665,0.9890742265662213,0.07606655823845865,0.9729253707620964,0.19812269527321488,0.9812417669664382,0.22127123977344243,0.9851338892893912,0.11224400871459694,0.9781588627889715,0.18408694485442104,0.9810919611795069,0.13020122006737686,0.9850095870443963,0.06727356889368924
67,0.89550659857327,0.09598709417221214,0.9180298359812764,0.1504935742223878,0.9404246604431116,0.1273493764271913,0.9370051514952391,0.10159678774862266,0.9028478871392575,0.15757290686735653,0.9288810862944039,0.18444055944055945,0.8728660809364018,0.14371681415929202,0.9461591908945851,0.17990373044524668,0.922336067870512,0.16288327057557828,0.9244060099097009,0.1546816856079654
68,0.8899657049320464,0.16042077580539119,0.8897218379366824,0.11078334972140282,0.8916049551901645,0.15970098538905877,0.8963257327071846,0.14540466392318244,0.8606074314210399,0.19032564021498577,0.8954991793754904,0.1564648117839607,0.8691877351049955,0.35535006605019814,0.8893956508815757,0.2108355091383812,0.8476505610277313,0.15805070793546264,0.8885025481915417,0.22669853192215772
69,0.9671679213402425,0.1552181248493613,0.9736943150993684,0.1490674985066702,0.9675658245547268,0.116991643454039,0.9816078249100341,0.24957535952893217,0.9630666012178497,0.23378256963162625,0.9538722039435564,0.24897691929939433,0.9696072232098129,0.16072859744990892,0.9515200241723717,0.22213236285213642,0.9800362497517502,0.20654634444784337,0.9645286540313864,0.10738255033557047
70,0.7209629532125704,0.27047863796980404,0.8587452529416312,0.14648212226066898,0.7517324987308885,0.21537503890445067,0.8447314244368525,0.13499025341130605,0.771383272326843,0.18279127212844792,0.8567798753668043,0.33946642134314625,0.7882062988934282,0.15073409461663947,0.8433586141440038,0.23645709766706208,0.8337255258201814,0.20292397660818715,0.8745065175783925,0.195260663507109
71,0.8847674674662306,0.2610433739756146,0.881457530073677,0.35540408958130476,0.893238626997054,0.3764762593395999,0.8565503162651215,0.20323212536728696,0.9002277866609508,0.20365198711063373,0.8803209460143392,0.19080068143100512,0.9035646471984585,0.20902612826603326,0.8587465415089506,0.29097605893186,0.8862350630737271,0.1943254817987152,0.8947415356744625,0.18056658723854913
72,0.8333062322372177,0.45296523517382414,0.8169099419444168,0.16886543535620052,0.8053541484996075,0.1718849840255591,0.7886194566216312,0.13210445468509985,0.8631198054683404,0.09725348941918055,0.8445171810032311,0.18773135906927552,0.8699918172047093,0.11540149188240456,0.8327461206579747,0.1923497267759563,0.9034074714247703,0.37736699729486023,0.8228015262393215,0.2065677966101695
73,0.9150671104054635,0.132689556509299,0.9013181901612632,0.14551526717557253,0.8610255601839609,0.09114448472294148,0.9101293797868563,0.11100900569748208,0.8830484164084796,0.21076987799747582,0.808391361201529,0.10488245931283906,0.9371566741025541,0.20023321672497085,0.8599737944394654,0.17857142857142858,0.8881388470876832,0.20508364110362806,0.8273727994765727,0.10390826117481863
74,0.9556564381800811,0.24456958970233306,0.9641272773344912,0.27207435572454586,0.9532875032147237,0.26554741073539845,0.9639818252053381,0.10511289903970931,0.945573026190688,0.20644979580340797,0.9610020617404857,0.19933790494206668,0.9381208140528408,0.06877757591487153,0.9570537018545937,0.24194543883471176,0.9672901815436579,0.11811130766090625,0.9519962327877074,0.11325522628072594
75,0.8890029439880002,0.1875779496133699,0.8740755451837532,0.09550881182490051,0.848972149774583,0.056381342901076374,0.884092830514901,0.0556936847339632,0.8615512079758286,0.13254703734905926,0.89317295226355,0.10392902408111533,0.882825691616275,0.17269372693726937,0.857734499430416,0.27562246670526924,0.888943261273231,0.21096810296586457,0.8828818782609497,0.35371399696816574
76,0.9536536322835196,0.4481751824817518,0.9253930314516243,0.13575628006413681,0.935862767062864,0.32927109680386296,0.9286688295228339,0.21477186791025965,0.9461951295989592,0.2414553472987872,0.9560540551141948,0.29468713105076744,0.9376428630799003,0.18479107189203217,0.9356694052535044,0.21670545642617015,0.9341815158630473,0.1738880918220947,0.9536612031365558,0.2072336265884653
77,0.8757806482909358,0.25120772946859904,0.8662210966902113,0.2905829596412556,0.8993183651184343,0.3198585144012127,0.7871797699944136,0.2227797290516809,0.8782180159746781,0.2709437963944857,0.898022077747111,0.2800456100342075,0.90160807178889,0.28552005438477224,0.8919715177518135,0.2644192783776666,0.8456088210410287,0.19607843137254902,0.8162038415881865,0.21045515998197387
78,0.9740022790696918,0.16265763013165935,0.9707942911277639,0.04957918898240245,0.9676400194725817,0.06936416184971098,0.9752848095281269,0.1278732425797813,0.9750111375233382,0.04925771362112608,0.9778466962394399,0.045956831560466795,0.9798986002881669,0.04026500950130964,0.9711064752518244,0.05611361274679598,0.9711788872965139,0.03782668500687758,0.9776834254942687,0.08004562185701695
79,0.9446706083446847,0.1180696548492894,0.9447093907085234,0.1929898058930317,0.9153800876823304,0.16263657531792944,0.9456766023295727,0.11062206572769953,0.9476284399040523,0.10506329113924051,0.928216091321526,0.05726036064536539,0.9440301032404663,0.12177365982792852,0.9439257254822736,0.0596045197740113,0.9524011116478563,0.10224948875255624,0.9442226038286047,0.08492947290274684
80,0.8940128151518015,0.06217616580310881,0.8655662439177786,0.11359427089764168,0.8652399454162862,0.07515762925598991,0.8885846418953577,0.09858287122612445,0.9109448711809843,0.218900675024108,0.902592315667655,0.17944207087207842,0.9171095649155259,0.3251681075888569,0.922679679976742,0.48211284513805525,0.933309747115957,0.2560919540229885,0.9256207314059643,0.17029418799330304
81,0.8154853514948375,0.2784911717495987,0.7993870121221119,0.28258221680876977,0.8928850428732256,0.5214600882470919,0.8237228916615148,0.22041681384669728,0.8423619898899021,0.32453721937770774,0.8332884028425663,0.18684312962242117,0.9093026384572551,0.6535947712418301,0.8061966922543842,0.2173228346456693,0.8653568938011678,0.448227936066713,0.836085646240583,0.2696011004126547
82,0.8114093173653205,0.1473747016706444,0.7495501521496145,0.19418904008826773,0.8319329844726667,0.38997722095671983,0.7696586081490341,0.16073354908306364,0.8618430629562972,0.1426738516807801,0.8537472718105905,0.10317225022235399,0.8996098722062028,0.42652476463364714,0.819682268771587,0.22627737226277372,0.8494919161725634,0.1838702092640489,0.8172403348424094,0.19683561276481631
83,0.9669900689744456,0.06342283969846116,0.9876992962808536,0.0922194138943917,0.9613439754302852,0.054449462502385346,0.9637118318942935,0.1344068978634375,0.9618672658235488,0.07459445650785541,0.9725503791422535,0.056272401433691756,0.9750896130515542,0.1095759885659838,0.960274844535642,0.04240605427974948,0.9575605339169262,0.10806241872561768,0.9760180868091737,0.07641841817519135
84,0.9115851974818955,0.6384752829064919,0.9091433938405845,0.3364692861095739,0.8796342031402773,0.2566929133858268,0.9129409777405113,0.34468734112862226,0.8814760086623304,0.42438732815301855,0.8598276882013641,0.30886504799548276,0.8658049315566952,0.3087834151663939,0.9256608856110228,0.23117430226434965,0.9147899156348985,0.2325344212136665,0.9227429547373364,0.3365711510441962
85,0.9215516695527078,0.1512214036448236,0.9083210953033662,0.07258570890367952,0.9632336115254951,0.20630749014454666,0.9488304829920604,0.1507998270644185,0.8831043020702625,0.08112695179904957,0.9266571370710885,0.12070371664919026,0.8956992821830003,0.09458605435011586,0.9152828000113917,0.10443864229765012,0.9136323488705116,0.08950617283950617,0.9475201936228473,0.12843445330754977
86,0.904650363191677,0.10109694633857101,0.91741639240799,0.32151546750086896,0.8679259462935801,0.2715167262098084,0.9371190089156582,0.17647926811273426,0.9010441517118992,0.11944666134610268,0.8559241159524467,0.1428932087856602,0.9144050787568632,0.21098232057136165,0.8911075012431623,0.2502164502164502,0.9200485183214692,0.1125976950589482,0.8361711572702392,0.11567961775430655
87,0.8711031025081023,0.22479423868312756,0.8331896347464816,0.11412919424788862,0.8382439991598734,0.19466515323496028,0.8375392585991752,0.09896729776247848,0.8846129382254073,0.0624607000628799,0.875554972317901,0.11037301992846194,0.8634810065176981,0.07344184200079397,0.8752326395744096,0.0630814613115498,0.874600221326095,0.05351654312059302,0.8454531048690491,0.10654685494223363
88,0.9368397030195768,0.22805893657911594,0.9083771033495291,0.16824894514767932,0.9345831003864794,0.21562913907284767,0.9151312727160644,0.1152915291529153,0.8609362911300937,0.08011683705403713,0.9020395434060673,0.0728643216080402,0.9485925007657959,0.144248106743599,0.9330169078434479,0.26615186615186615,0.8831349296101713,0.0966702470461869,0.9067412038304027,0.10219922380336352
89,0.9740085151843454,0.0560953831608803,0.9320673409018105,0.02952256477281464,0.9022286571065503,0.028148380683304556,0.9342532504779333,0.04064948336550471,0.9576254142263783,0.09878277153558053,0.92061643192035,0.07166261494556601,0.947415355386574,0.07404006198702864,0.929574283910319,0.05771916214119473,0.960625566503564,0.038978140637345275,0.9399218726307034,0.03303423444018975
90,0.9523964382675392,0.06674757281553398,0.9284670042914583,0.05081481481481481,0.9420154395176612,0.08197492163009404,0.9002788408460667,0.10408031684627429,0.9113383245380519,0.06941891700834157,0.9393270301430872,0.08324630762345218,0.8885739443299064,0.0869338433452143,0.9141300308053364,0.07577210819106081,0.9173921580540204,0.15229379326528217,0.9193879645725223,0.17962225362970577
91,0.8850565929378348,0.1036231884057971,0.9112939226610847,0.3820662768031189,0.878521679813368,0.38385175380542685,0.9097466252594985,0.268048606147248,0.9016275579873541,0.2796332678454486,0.840621588547534,0.16877918612408271,0.8573418131222752,0.18745493871665464,0.877527183354702,0.25934861278648974,0.8967831851875683,0.2632600258732212,0.8584653362174401,0.12055335968379446
92,0.9137927649627451,0.19019384264538197,0.9383875785255363,0.19619205298013245,0.9358145661026591,0.19807304503697065,0.9321441461677042,0.2551107325383305,0.9298233032319171,0.13815624215021352,0.8947145014068437,0.1716500553709856,0.9074453600394559,0.1482444733420026,0.943500796050597,0.28184281842818426,0.9448820741370673,0.21761416589002797,0.9458398960777603,0.20341575325006372
93,0.908335348485922,0.18465608465608466,0.8971831121452005,0.18862840204796552,0.9263557853832964,0.22017916077322017,0.9001028765755366,0.19493861187672262,0.9209729052475275,0.4461497750727706,0.9279453027209553,0.3888631090487239,0.9243209328986463,0.4818920916481892,0.9393279030664977,0.38811601037491156,0.9008952004367172,0.4230576441102757,0.9125844142486615,0.40035390400353904
94,0.9443549162138661,0.3710809546092653,0.9021189344450015,0.12385434728758979,0.9082989412930839,0.269482884195193,0.8731318455102638,0.1735064935064935,0.9340476570587712,0.2720875684128225,0.9227672686983098,0.21740239857106405,0.9059338073854263,0.15561643835616437,0.9177084075302564,0.14340032590983162,0.8949112752827931,0.19513624377380603,0.867834108503995,0.1155937052932761
95,0.9661280547369029,0.17570878543927196,0.9581666365493282,0.10828603859250852,0.891612078670076,0.1504993843207005,0.967617902822467,0.1128242780225159,0.9570765453254465,0.17877248386653852,0.9011897544737996,0.4043583535108959,0.9690044676355132,0.3942814145974417,0.8911553028833876,0.21557880750705863,0.950449686986854,0.3343986054619407,0.9244858005243083,0.2790265651123909
96,0.9803019188210305,0.08142006802721088,0.9736773537228963,0.05323455939357395,0.9665960006621749,0.10996082820369334,0.9764779029382488,0.06454702164336334,0.981499518891754,0.08621728362005489,0.9661573631117834,0.05859896926894446,0.9889072910892839,0.12009875108916643,0.9767911834334532,0.09007019481031626,0.9790699132161714,0.08814875101734176,0.9722659150565041,0.08651841556636553
97,0.9027571290628914,0.1922279792746114,0.8930617153695164,0.23542415031776734,0.907600165883548,0.22964028776978418,0.9264845455611311,0.47861453686696404,0.8369225433799338,0.21654135338345865,0.841586681263915,0.20873939012889028,0.9163554182871586,0.482797839067387,0.9067262962830519,0.5374149659863946,0.858417814853269,0.23321123321123322,0.8698925430705332,0.2503192848020434
98,0.8325534147830174,0.14662405113863364,0.874967843993306,0.3441485791004699,0.85983533708857,0.32501040366208905,0.8822753729560948,0.154364471669219,0.8964778757903793,0.2547044288158145,0.8543293319013682,0.20471596998928188,0.9342498652105797,0.16926419193350337,0.9161147102286695,0.38688006322861096,0.8961947412621334,0.19024875621890547,0.8901173155648043,0.07316838355636854
99,0.9033016349783063,0.08808692277842453,0.906542317394486,0.2450479885644272,0.8817903278622499,0.1473491773308958,0.8870478375711397,0.17608503100088574,0.8916506853374278,0.14136641071076983,0.8838554495038246,0.12774239207360227,0.9102078363098974,0.20044619873004976,0.8646406346085056,0.16570898980537535,0.8700846855235561,0.20430879712746858,0.9013932504634956,0.22562265993814098
100,0.9407766620894421,0.2724886661894536,0.9468345344282982,0.17375975824729287,0.9350314690513477,0.2473299606520517,0.9442119107705375,0.261239943208708,0.9519009178101178,0.29547553093259465,0.9277591500700398,0.19596835927532533,0.962774062899367,0.49008066274253326,0.9422582252543289,0.18275209516085428,0.937211141099225,0.20700709869475611,0.9291180839635225,0.17602427921092564
101,0.8659490114724887,0.18025477707006368,0.8757900214545635,0.3111521873074553,0.8871239809228778,0.6707142857142857,0.8513316178169111,0.27925840092699883,0.8963557423606147,0.5776892430278885,0.8443485318054527,0.17535853976531943,0.895075637812589,0.339247311827957,0.8876590397771743,0.18714555765595464,0.9001866939776693,0.29952953476215366,0.8536394919181234,0.1136094674556213
102,0.9230289019020703,0.1395848246241947,0.9088267298647134,0.10639312977099237,0.9255473312942741,0.18409638554216867,0.9290884993387224,0.1125158027812895,0.9084558953119607,0.07915273132664437,0.935013709275812,0.1453183520599251,0.9299863860110739,0.22338274932614555,0.9118923929104739,0.29969574036511154,0.9365851157948586,0.0841409691629956,0.91679738218583,0.19831036016007114
103,0.9565361155835573,0.2333879482978336,0.9548275818920308,0.25031446540880503,0.9552205078259228,0.14072421486185002,0.9625831085726353,0.29903072798515157,0.9607674280092314,0.143464596043631,0.9639106774559995,0.05815032477575008,0.975666673182182,0.27223032069970843,0.9504519551998623,0.143130767891346,0.9683530026508734,0.24763903462749212,0.9562173944898615,0.16351769151494333
104,0.8201124083681863,0.1686481726111845,0.7842293352325803,0.19706590759798556,0.7795705280048664,0.20313630880579012,0.813721278494615,0.2680573663624511,0.8510905409967731,0.22027104409238404,0.8076219287007446,0.18144073074527714,0.8288365737342059,0.20767694697137787,0.81707955947376,0.20817843866171004,0.843305895746923,0.22859664607237423,0.8416614955662073,0.21654501216545013
105,0.94673151952956,0.3321049208757858,0.9256734845162985,0.33722658738585687,0.9484079036078192,0.23215014279885762,0.9341464796958133,0.2998102466793169,0.9518624930245843,0.25,0.9596650453995273,0.30979978925184404,0.9501578966571552,0.3572308450357231,0.944733988122511,0.24003305102251601,0.9401217599004772,0.2527075812274368,0.9482541515839542,0.3063477460901564
106,0.9096084174230399,0.05839849549638721,0.9081486715165717,0.031850961538461536,0.8916536745811804,0.1477775639792188,0.9130492788581486,0.31729468599033817,0.9818558104174036,0.15210725665845007,0.9502661385911529,0.1418200236366706,0.9639163488229803,0.08660351826792964,0.9500665227818708,0.012108808731986016,0.9534107159068257,0.0541648868005126,0.9369050610389654,0.11390575310783463
107,0.9078211979116355,0.21810555749737853,0.9097262239397051,0.197954711468225,0.878342289917203,0.2104451724802467,0.9048320148562489,0.10592025775271849,0.9061468687087588,0.3222262907359941,0.91413645987033,0.22028985507246376,0.9063402345940973,0.14499192245557352,0.8928632780792953,0.27632379793061473,0.8931358345322231,0.10964725881852953,0.8869243816276969,0.17153202081918986
108,0.9573439041803515,0.15615168074184468,0.9409607916901797,0.1490307664947537,0.9483080600763917,0.20110192837465565,0.9402072520550567,0.16432978126752665,0.925489224072197,0.21079578700994733,0.9479786557006756,0.22966421260549472,0.9404793672199793,0.13457159976033553,0.9433057435961253,0.23306811566078012,0.9466550563811461,0.15109093202169252,0.9498529412943307,0.14034824377063945
109,0.8927957815779127,0.06922981827172704,0.9266441173556879,0.14599616575726293,0.9250630747128118,0.15237182558696694,0.8688141677634864,0.024660570795234135,0.9061594744339775,0.06067189075956242,0.874924338053902,0.11570032573289903,0.8045619207658422,0.05478456731817191,0.9314609515327169,0.11682385153635534,0.9404677173524476,0.12206279891869412,0.9094065457801118,0.08286977606618172
110,0.958542566164577,0.15200399135207052,0.9582049241745281,0.10098721475966985,0.8960932495122649,0.11363217118612802,0.9611027016638141,0.12334801762114538,0.9743910179145175,0.20631276901004303,0.9101677625233451,0.14230521571152607,0.9678114810247169,0.23935454952935903,0.9317716677214273,0.16619629978049547,0.966366336831041,0.16882927540457793,0.9180797641997942,0.08621537452876578
111,0.9126278446244818,0.16477438136826783,0.8912183618604689,0.5105431309904154,0.8905983146225597,0.6677631578947368,0.8789251412073119,0.4293785310734463,0.8985732199344688,0.2033898305084746,0.8965610667758235,0.10520694259012016,0.9205226855754437,0.17149587750294465,0.8688004302566664,0.461046511627907,0.9087245220654241,0.3979695431472081,0.8771006860969321,0.45246753246753246
112,0.9326606767184786,0.3587024329382408,0.9123397187462766,0.1732212548784149,0.9032568374945289,0.208130081300813,0.9214573677754646,0.2634380903314443,0.9104969607670451,0.15921546005191808,0.8909448657558275,0.21043568107456517,0.919736694350828,0.22378999179655457,0.8933698361516419,0.16410764404820868,0.9196438297911258,0.2048857368006304,0.903295928789766,0.25143733231123033
113,0.9424577770244194,0.4712328767123288,0.9320358413543097,0.32689059861137176,0.9424188488399401,0.42266775777414073,0.9364038821600222,0.4861316959559602,0.9761163318025013,0.5866942433643572,0.968444684525424,0.48274575638873346,0.9613853050987493,0.49884526558891457,0.9649868335188563,0.4255677039529016,0.955603706078197,0.4404844290657439,0.9625459987740722,0.3356433789099082
114,0.9151077904407845,0.11109033102674397,0.9209560120712535,0.3135728189700938,0.891922052865763,0.10295905958654236,0.8796977761988551,0.13453618356540498,0.8970090682225413,0.2595289079229122,0.9105403189241741,0.32481659499114596,0.9059477091089185,0.348712967459932,0.8844323277616604,0.16584449142588678,0.8870708422285712,0.19402985074626866,0.8741601375185492,0.19865047233468286
115,0.984116236771754,0.11774317079397498,0.9615907761955331,0.13221214730763386,0.9855074369959056,0.16315222410343236,0.9842147006811408,0.06523070641077991,0.9719752359930188,0.06342943854324734,0.9813163155307595,0.05614754098360656,0.9865609820294655,0.09917945058865502,0.965725421120935,0.09656434234600529,0.9707411223199005,0.09546442837639682,0.9847349609887586,0.05305474471244943
116,0.9280765115577481,0.2107039537126326,0.9119294709365632,0.19635217293402388,0.9366675844698723,0.2702560042227501,0.921879365922315,0.1848421052631579,0.9451596924960778,0.37446424543198736,0.9514023171475894,0.1740280349113991,0.9257198694400225,0.31590046393926613,0.9405537601273092,0.14285714285714285,0.9487779119985031,0.36782522343594837,0.9251321721672536,0.12594113620807665
117,0.8778040541172722,0.3010055141096335,0.8650252435785765,0.28446638815039876,0.8817327847760842,0.11245865490628446,0.8727763748405065,0.11024687182955699,0.8601991490657623,0.2793861178932682,0.8733438527493315,0.16480541455160744,0.8974728795806068,0.17047947351927295,0.8651524007734857,0.11137724550898204,0.8853776953719796,0.17074060561838744,0.8957218065755187,0.3633792859667727
118,0.9073944599619738,0.19187145557655955,0.9399963952366269,0.14480899711869133,0.9317161174589944,0.11061175823167936,0.91088486348533,0.13727245598328858,0.9210964561100871,0.1212850661975743,0.9484727107733584,0.10141617176793057,0.9120301487355297,0.13819691577698695,0.9717571628516717,0.08439697837978641,0.9427551963232133,0.08354997758852532,0.9576160501480263,0.10089388441454997
119,0.9030829188589743,0.0797427652733119,0.9388459836596146,0.09606986899563319,0.9401050812283812,0.15170511534603812,0.9444074143759509,0.17673803422336115,0.9018403635521964,0.14438873891245663,0.8872673727887214,0.1088446089627471,0.9528643903893942,0.11273635390652872,0.9393361942986581,0.2464727900950187,0.9366080141049521,0.19372910454504383,0.9154918692416935,0.12686359848134088
120,0.9291191502430011,0.1965660153937241,0.9150466198519958,0.2084006462035541,0.9345879878420981,0.23880597014925373,0.917837170014431,0.28786964393482195,0.9412444218193509,0.2815049864007253,0.9455867249163403,0.24703557312252963,0.9534114574943554,0.3509471585244267,0.957916894573718,0.2271897810218978,0.9481366177826354,0.3201471941122355,0.952524666647691,0.2419678714859438
121,0.8318435665660251,0.1217907914279652,0.8447252909662194,0.13530465949820789,0.8692484648138985,0.19738638580066314,0.8851118193799729,0.09943865276663993,0.8075910264895361,0.1896950578338591,0.8684402221487668,0.14322628276116647,0.8770676452468752,0.2794973950352436,0.8693053165396623,0.32656219771716,0.8624315475177743,0.2376931655249323,0.9046366164500221,0.10489913544668587
122,0.9647056211340699,0.049763253179834745,0.9741710790466797,0.06133625410733844,0.9745092983714576,0.07684405177727553,0.9765434434957609,0.058636319799402065,0.9738490482458046,0.07920792079207921,0.95823251575691,0.053128276826284515,0.9620260573972199,0.07810804946843133,0.9698898633485696,0.19706136560069146,0.9674103911226929,0.14913554177114954,0.9700163495319831,0.16917247280283584
123,0.870104594474391,0.09880668257756563,0.907424312024423,0.17439446366782008,0.8767134593115864,0.03537678701235764,0.8850793310459062,0.1954819950794006,0.9149682403823769,0.10847288177955511,0.8234015544369933,0.05800158186132349,0.8695696624820507,0.06381435823060189,0.858595564028755,0.03809040121889284,0.8822709359204546,0.3960765997197571,0.9012054167153658,0.17476681394207166
124,0.9530068577614352,0.09684565882477054,0.9385061028296862,0.10161251114172272,0.9591090185055599,0.09585194639438417,0.9080342113743474,0.1045892494929006,0.9134158919444956,0.07150755621083671,0.96510364047314,0.09222209068308275,0.9097420082882958,0.10811764705882353,0.9303658569818958,0.08913106937822321,0.8996138567767565,0.19320042376962343,0.911256798132131,0.10224620770128355
125,0.9262764985849866,0.2540870047104461,0.917129390385897,0.08385001476232655,0.908722032143095,0.17768832662449685,0.9324025498663332,0.14657694558221182,0.9399799479368252,0.07727532913566114,0.9192272047191246,0.1682008368200837,0.938862310435054,0.1449645390070922,0.8869676986920859,0.1112102289622361,0.92880165235011,0.11444141689373297,0.8922765979032922,0.1234531526222746
126,0.9568495370762066,0.21697803998688955,0.9599192988913526,0.27981272376755717,0.9511329478961845,0.3871829105473965,0.9497545570334311,0.18569051580698837,0.9662914574423805,0.18325176726481784,0.9494744302842002,0.2425238251725271,0.9707580695005278,0.30013106159895153,0.941000342961476,0.17388904223019597,0.9732689066505921,0.14812775330396477,0.9498275417135015,0.20954287620954287
127,0.8820895035467332,0.17223282442748092,0.893659903120988,0.23689320388349513,0.859035616366316,0.06592865928659286,0.8354748763696077,0.11420481359131666,0.9054753751044106,0.27549901294143453,0.8737756694289858,0.21910253196289797,0.8728065264839947,0.14800576645843344,0.8887395425352413,0.060018050541516245,0.8857221971980057,0.17850162866449512,0.8841545583291393,0.16654275092936802
128,0.9396803309100036,0.04954173891503592,0.9513817906904136,0.3822784810126582,0.9433550156859297,0.15702651910628523,0.9455974838267798,0.23575949367088608,0.9156490187184995,0.1712930011862396,0.9059622277391859,0.3419324577861163,0.917585780758852,0.382696976384904,0.949515407036267,0.22589087980672437,0.9513892055263216,0.16354604508979748,0.9662330299010848,0.4308158243422298
129,0.9237863383196786,0.2673745173745174,0.9329751755449637,0.43930041152263377,0.9151704926290539,0.17792494481236204,0.8669862348994049,0.3912658601357333,0.9403473026303599,0.36227390180878555,0.8860681969976197,0.1254432624113475,0.8939809508714849,0.35360427172945713,0.9133912805378228,0.14943609022556392,0.9126464782607775,0.42953451043338686,0.8637543757329664,0.14692573862124036
130,0.9405550970495484,0.608649225840897,0.93576112866004,0.37057073302677845,0.9316772744525943,0.316106097894449,0.9582874600127665,0.6082603254067585,0.9251998321256799,0.4035686171608502,0.9411211618687717,0.298064173959162,0.9388267202893719,0.6098807495741057,0.9279970081292411,0.35518538420204193,0.9529280312533573,0.4295566502463054,0.9344028153269538,0.21243781094527364
131,0.9296838125134167,0.12141951837769328,0.9485258192267855,0.05223140495867769,0.935236277272051,0.11846946284032377,0.9222762062885266,0.03017131168499105,0.9132958553899613,0.2854349951124145,0.9118621439098312,0.07628205128205129,0.9043055657308026,0.17704807041299933,0.9416719207416326,0.06383838383838383,0.9538021337603216,0.15085295361624138,0.918722547499446,0.12443292287751134
132,0.9281562871847722,0.3360295816963254,0.8773946839472423,0.4831712789827973,0.8698636734195168,0.37922639978360834,0.8958027993661968,0.4060867590279355,0.8796224629478958,0.2923673997412678,0.8671837458212368,0.42738205365402404,0.8869049021415301,0.21829025844930416,0.8917742600349599,0.36926147704590817,0.8798817105410841,0.2948663555366992,0.8570116085903221,0.3054545454545455
133,0.8272064789124307,0.27716098334655037,0.8530616762416007,0.3431873749722161,0.8546452660976241,0.34370432240551263,0.8710861754843244,0.2854606781466359,0.8775467092749674,0.39698807780798995,0.8902581291752366,0.05521593374087951,0.8950615250817275,0.44733727810650886,0.9247086629140148,0.4189129474149359,0.8674359300624703,0.1180633147113594,0.8769203793291217,0.0696113074204947
134,0.8125328601561074,0.20168697282099343,0.8207999159719138,0.22643723113023073,0.8432756696655689,0.3083745522769913,0.8390221414261538,0.3641049671977507,0.8717887310108374,0.20171326975917245,0.8841900796768863,0.20271049596309113,0.8229268442662133,0.16289084441115895,0.9104047870449475,0.16381236038719285,0.8387388446091998,0.258203125,0.8005881760552408,0.15334810018742545
135,0.8975754047692315,0.13833963880362624,0.9562182193716815,0.11972119721197212,0.9647409275331089,0.12021036814425244,0.9431684014000334,0.1026618757791303,0.9274202645506776,0.13689736151402127,0.9211351744232844,0.194401147203691,0.934605803913346,0.14616917225140375,0.9657512866169671,0.138721666753913,0.9502556393973095,0.18417694598043385,0.9396047497166409,0.10812535903491415
136,0.9414423506194105,0.11172622043281329,0.865769171122746,0.1049501486793773,0.9420906067471428,0.11371803001479602,0.9060121183018323,0.1599442286624838,0.8613189203181333,0.18981297254277757,0.9306634352044078,0.06339071941625812,0.8907760988412262,0.10181818181818182,0.8722803324069773,0.11234900903013956,0.9038731130690058,0.09005051614320228,0.953632775359757,0.12886156719321454
137,0.9507094131400392,0.11082230623818526,0.9546641687279822,0.1830900976962972,0.9624361013398844,0.14794441227562247,0.9600702951056804,0.15457643622200584,0.9734050108185646,0.15730337078651685,0.9542673646063834,0.13927227101631118,0.9616225684672156,0.16666666666666666,0.9412079359102197,0.10307741454584177,0.9523621492985201,0.22319842975979062,0.9639067987910267,0.13052812365822242
138,0.9491302025775481,0.083128554377589,0.923007794402159,0.1012607296137339,0.9689444231618435,0.08169300434340634,0.945217563256914,0.04029890579129971,0.9148182095464061,0.0638355717470502,0.9406847170908016,0.04923076923076923,0.9327008779542316,0.05317593545242866,0.9145709293806229,0.07001135680406173,0.9055542279811543,0.0764005016722408,0.9541963816305946,0.040545031571950815
139,0.9508274678304212,0.3516695618606447,0.9388814918833616,0.07671445176288261,0.9410515755212551,0.2669709070165431,0.9296795171159571,0.047109983692697956,0.9507708635040004,0.08489993935718618,0.948224855264812,0.20896114195083268,0.9468755792154915,0.0916289592760181,0.9189859729601916,0.10587064676616915,0.9500626103668383,0.2599810785241249,0.9358776650370734,0.05165366034931252
140,0.8656547840385113,0.10909090909090909,0.8517217223662887,0.1441061199879409,0.8824859175547037,0.0828808230923121,0.8790407372718474,0.215922107674685,0.8328094651565368,0.15345485375158965,0.8496035687709168,0.14639905548996457,0.851308542322645,0.1665351223362273,0.8227189005967379,0.07352941176470588,0.8377616066684231,0.07210159770585825,0.9176309055991871,0.2272207396111323
141,0.8896714080659621,0.281220509594212,0.8485090032246877,0.15546639919759278,0.871005673217028,0.32342887194320274,0.8590336992263694,0.12755598831548198,0.905413767436181,0.21423401688781665,0.8901688308680885,0.10858585858585859,0.9249393295970924,0.16881594372801875,0.8682897890825559,0.15097504717970225,0.9201855729796214,0.26172644856129285,0.9281827931050661,0.13826958478216403
142,0.8750695860815617,0.19475806451612904,0.8558469731543283,0.18113801929513684,0.8755538742286443,0.19033621164798825,0.8792793006409705,0.11290001987676407,0.8775253841885725,0.4385668730069405,0.8533521217307753,0.13485513608428445,0.8752795126278197,0.3327654741624077,0.9088046401720942,0.1286549707602339,0.895834133649141,0.35431321732691595,0.8932422828172347,0.11064862989941034
143,0.942775206421222,0.10787046965472871,0.9630192452533634,0.13799621928166353,0.969156356178092,0.14790007241129616,0.9530829447739411,0.07199502410200591,0.9643589354496733,0.04036227603859027,0.9289489233281458,0.15285861006504622,0.9737951088006039,0.11542450733441992,0.9438025817051192,0.09831649831649832,0.9781456743689445,0.08295603914122973,0.9328199235865596,0.04507227332457293
